dataset,model,novel_class,test_set,seed,accuracy_with_novel,accuracy_closed_world,balanced_accuracy_with_novel,balanced_accuracy_closed_world,novel_detection_precision,novel_detection_recall,novel_detection_f1,macro_precision,macro_recall,macro_f1,mcc_with_novel
BoT_IoT,RFF_LIM_NFST,0Normal,known_only,42,0.88142563,0.98629198,0.87710545,0.98750000,0.00000000,0.00000000,0.00000000,0.83333333,0.73092121,0.77837599,0.86401624
BoT_IoT,RFF_LIM_NFST,0Normal,with_novel_class,42,0.89572031,0.98629198,0.89758787,0.98750000,0.53619303,1.00000000,0.69808028,0.92269884,0.89758787,0.89472271,0.88155069
BoT_IoT,RFF_LIM_NFST,0Normal,known_only,43,0.86017820,0.98560658,0.85526885,0.98687500,0.00000000,0.00000000,0.00000000,0.83333333,0.71272405,0.76780560,0.84204893
BoT_IoT,RFF_LIM_NFST,0Normal,with_novel_class,43,0.87643159,0.98560658,0.87855738,0.98687500,0.49379653,0.99500000,0.66003317,0.91507159,0.87855738,0.87755153,0.86093372
BoT_IoT,RFF_LIM_NFST,0Normal,known_only,44,0.86771761,0.99108979,0.86706704,0.99187500,0.00000000,0.00000000,0.00000000,0.83333333,0.72255587,0.77382650,0.84986019
BoT_IoT,RFF_LIM_NFST,0Normal,with_novel_class,44,0.88366486,0.99108979,0.88922253,0.99187500,0.50890585,1.00000000,0.67453626,0.91815098,0.88922253,0.88624921,0.86878532
BoT_IoT,RFF_LIM_NFST,0Normal,known_only,45,0.89307745,0.98766278,0.89511522,0.98875000,0.00000000,0.00000000,0.00000000,0.83333333,0.74592935,0.78684657,0.87659988
BoT_IoT,RFF_LIM_NFST,0Normal,with_novel_class,45,0.90536468,0.98766278,0.91176269,0.98875000,0.56056338,0.99500000,0.71711712,0.92575046,0.91176269,0.90590278,0.89195379
BoT_IoT,RFF_LIM_NFST,0Normal,known_only,46,0.88416724,0.98903358,0.88059008,0.99000000,0.00000000,0.00000000,0.00000000,0.83333333,0.73382507,0.78024159,0.86682721
BoT_IoT,RFF_LIM_NFST,0Normal,with_novel_class,46,0.89813140,0.98903358,0.90049174,0.99000000,0.54200542,1.00000000,0.70298770,0.92366757,0.90049174,0.89740621,0.88407432
BoT_IoT,RFF_LIM_NFST,HTTP,known_only,42,0.85219400,0.97690531,0.85375349,0.97714036,0.00000000,0.00000000,0.00000000,0.82882883,0.71146124,0.76491960,0.83235743
BoT_IoT,RFF_LIM_NFST,HTTP,with_novel_class,42,0.88699235,0.97690531,0.87812791,0.97714036,0.68027211,1.00000000,0.80971660,0.94220751,0.87812791,0.89987237,0.86896649
BoT_IoT,RFF_LIM_NFST,HTTP,known_only,43,0.89992302,0.97690531,0.89865922,0.98062500,0.00000000,0.00000000,0.00000000,0.83227848,0.74888268,0.78741068,0.88257792
BoT_IoT,RFF_LIM_NFST,HTTP,with_novel_class,43,0.91759859,0.97690531,0.91138268,0.98062500,0.75144509,0.97500000,0.84874864,0.94766148,0.91138268,0.92385140,0.90227678
BoT_IoT,RFF_LIM_NFST,HTTP,known_only,44,0.85065435,0.98306390,0.84856494,0.98312500,0.00000000,0.00000000,0.00000000,0.83218391,0.70713745,0.76393982,0.83087078
BoT_IoT,RFF_LIM_NFST,HTTP,with_novel_class,44,0.88287228,0.98306390,0.87172079,0.98312500,0.67176871,0.98750000,0.79959514,0.93862812,0.87172079,0.89466734,0.86368228
BoT_IoT,RFF_LIM_NFST,HTTP,known_only,45,0.86836028,0.98383372,0.86483240,0.98200768,0.00000000,0.00000000,0.00000000,0.83211679,0.72069367,0.77208302,0.84901718
BoT_IoT,RFF_LIM_NFST,HTTP,with_novel_class,45,0.89935256,0.98383372,0.88736034,0.98200768,0.70175439,1.00000000,0.82474227,0.94907585,0.88736034,0.90954006,0.88270577
BoT_IoT,RFF_LIM_NFST,HTTP,known_only,46,0.86759045,0.98845266,0.86704958,0.99000000,0.00000000,0.00000000,0.00000000,0.82732806,0.72254132,0.77036944,0.84767974
BoT_IoT,RFF_LIM_NFST,HTTP,with_novel_class,46,0.85226604,0.98845266,0.85629132,0.99000000,0.65913758,0.80250000,0.72378805,0.88273161,0.85629132,0.85917418,0.82285323
BoT_IoT,RFF_LIM_NFST,TCP,known_only,42,0.84218630,0.97921478,0.84365922,0.97964036,0.00000000,0.00000000,0.00000000,0.82560706,0.70304935,0.75852292,0.82172604
BoT_IoT,RFF_LIM_NFST,TCP,with_novel_class,42,0.87934079,0.97921478,0.86971601,0.97964036,0.66889632,1.00000000,0.80160321,0.93708978,0.86971601,0.89212346,0.86027655
BoT_IoT,RFF_LIM_NFST,TCP,known_only,43,0.90839107,0.99153195,0.91748254,0.99250000,0.00000000,0.00000000,0.00000000,0.82723577,0.76456878,0.79409142,0.89171611
BoT_IoT,RFF_LIM_NFST,TCP,with_novel_class,43,0.91288994,0.99153195,0.91915212,0.99250000,0.76652893,0.92750000,0.83936652,0.93086363,0.91915212,0.92063175,0.89564036
BoT_IoT,RFF_LIM_NFST,TCP,known_only,44,0.86759045,0.98999230,0.87344972,0.98937500,0.00000000,0.00000000,0.00000000,0.83222958,0.72787477,0.77624277,0.84859755
BoT_IoT,RFF_LIM_NFST,TCP,with_novel_class,44,0.89817540,0.98999230,0.89412477,0.98937500,0.70000000,0.99750000,0.82268041,0.94830101,0.89412477,0.91309741,0.88139465
BoT_IoT,RFF_LIM_NFST,TCP,known_only,45,0.85681293,0.98691301,0.85752095,0.98562500,0.00000000,0.00000000,0.00000000,0.83333333,0.71460079,0.76929939,0.83737295
BoT_IoT,RFF_LIM_NFST,TCP,with_novel_class,45,0.89052384,0.98691301,0.88126746,0.98562500,0.68259386,1.00000000,0.81135903,0.94709898,0.88126746,0.90452590,0.87297194
BoT_IoT,RFF_LIM_NFST,TCP,known_only,46,0.88760585,0.98460354,0.88737081,0.98352304,0.00000000,0.00000000,0.00000000,0.82903226,0.73947568,0.78104243,0.86902360
BoT_IoT,RFF_LIM_NFST,TCP,with_novel_class,46,0.90876986,0.98460354,0.90239234,0.98352304,0.73358349,0.97750000,0.83815648,0.94238587,0.90239234,0.91629661,0.89216961
BoT_IoT,RFF_LIM_NFST,UDP,known_only,42,0.86528099,0.98229407,0.87068436,0.98102304,0.00000000,0.00000000,0.00000000,0.83333333,0.72557030,0.77539317,0.84640597
BoT_IoT,RFF_LIM_NFST,UDP,with_novel_class,42,0.88110653,0.98229407,0.88098696,0.98102304,0.68065693,0.93250000,0.78691983,0.92091409,0.88098696,0.89364394,0.85931778
BoT_IoT,RFF_LIM_NFST,UDP,known_only,43,0.89915319,0.97690531,0.90443436,0.98062500,0.00000000,0.00000000,0.00000000,0.82962761,0.75369530,0.78932976,0.88160372
BoT_IoT,RFF_LIM_NFST,UDP,with_novel_class,43,0.84284873,0.97690531,0.86369530,0.98062500,0.67519182,0.66000000,0.66750948,0.86701882,0.86369530,0.85180576,0.81334985
BoT_IoT,RFF_LIM_NFST,UDP,known_only,44,0.87759815,0.98460354,0.88180168,0.98450768,0.00000000,0.00000000,0.00000000,0.83221477,0.73483473,0.78008490,0.85906103
BoT_IoT,RFF_LIM_NFST,UDP,with_novel_class,44,0.88934667,0.98460354,0.88941806,0.98450768,0.70132325,0.92750000,0.79870829,0.92213065,0.88941806,0.89950475,0.86845890
BoT_IoT,RFF_LIM_NFST,UDP,known_only,45,0.85681293,0.99076212,0.86180168,0.98937500,0.00000000,0.00000000,0.00000000,0.83217593,0.71816806,0.77065523,0.83758129
BoT_IoT,RFF_LIM_NFST,UDP,with_novel_class,45,0.84226015,0.99076212,0.85066806,0.98937500,0.63220676,0.79500000,0.70431894,0.87749169,0.85066806,0.85473225,0.81109683
BoT_IoT,RFF_LIM_NFST,UDP,known_only,46,0.87451886,0.98075443,0.88157472,0.98263268,0.00000000,0.00000000,0.00000000,0.83014862,0.73464560,0.77879998,0.85570660
BoT_IoT,RFF_LIM_NFST,UDP,with_novel_class,46,0.83872866,0.98075443,0.85506227,0.98263268,0.64365256,0.72250000,0.68080094,0.86971324,0.85506227,0.85026969,0.80722416
BoT_IoT,RFF_LIM_NFST,scan,known_only,42,0.85912240,0.99076212,0.85534567,0.99026536,0.00000000,0.00000000,0.00000000,0.83220721,0.71278806,0.76694294,0.83940960
BoT_IoT,RFF_LIM_NFST,scan,with_novel_class,42,0.89228958,0.99076212,0.87945473,0.99026536,0.68728522,1.00000000,0.81466395,0.94675474,0.87945473,0.90272027,0.87480587
BoT_IoT,RFF_LIM_NFST,scan,known_only,43,0.90531178,0.98922248,0.90920740,0.99013268,0.00000000,0.00000000,0.00000000,0.83024691,0.75767284,0.79162675,0.88840584
BoT_IoT,RFF_LIM_NFST,scan,with_novel_class,43,0.92289582,0.98922248,0.92100617,0.99013268,0.76562500,0.98000000,0.85964912,0.95159457,0.92100617,0.93185088,0.90842728
BoT_IoT,RFF_LIM_NFST,scan,known_only,44,0.86682063,0.99153195,0.87564595,0.99125000,0.00000000,0.00000000,0.00000000,0.83222222,0.72970496,0.77701155,0.84815355
BoT_IoT,RFF_LIM_NFST,scan,with_novel_class,44,0.88699235,0.99153195,0.88845496,0.99125000,0.68896926,0.95250000,0.79958027,0.92827714,0.88845496,0.90101992,0.86690729
BoT_IoT,RFF_LIM_NFST,scan,known_only,45,0.85142417,0.98614319,0.85729399,0.98700768,0.00000000,0.00000000,0.00000000,0.83101852,0.71441166,0.76804579,0.83196554
BoT_IoT,RFF_LIM_NFST,scan,with_novel_class,45,0.88522660,0.98614319,0.88024500,0.98700768,0.67572156,0.99500000,0.80485339,0.94138738,0.88024500,0.90117036,0.86686491
BoT_IoT,RFF_LIM_NFST,scan,known_only,46,0.88221709,0.99384142,0.88161313,0.99263268,0.00000000,0.00000000,0.00000000,0.83221477,0.73467761,0.78006201,0.86356608
BoT_IoT,RFF_LIM_NFST,scan,with_novel_class,46,0.90818128,0.99384142,0.90009427,0.99263268,0.72313297,0.99250000,0.83667018,0.94946953,0.90009427,0.91797190,0.89223155
BoT_IoT,RFF_LIM_NFST,theft,known_only,42,0.83541667,0.98125000,0.84625000,0.98125000,0.00000000,0.00000000,0.00000000,0.83008658,0.70520833,0.76160524,0.81717187
BoT_IoT,RFF_LIM_NFST,theft,with_novel_class,42,0.85748647,0.98125000,0.87187500,0.98125000,0.48796499,1.00000000,0.65588235,0.91141408,0.87187500,0.87091897,0.84127321
BoT_IoT,RFF_LIM_NFST,theft,known_only,43,0.86527778,0.98333333,0.86812500,0.98062500,0.00000000,0.00000000,0.00000000,0.83217593,0.72343750,0.77376392,0.84703688
BoT_IoT,RFF_LIM_NFST,theft,with_novel_class,43,0.87733013,0.98333333,0.88263033,0.98062500,0.52463054,0.95515695,0.67726550,0.91404021,0.88263033,0.88408604,0.85999189
BoT_IoT,RFF_LIM_NFST,theft,known_only,44,0.88125000,0.98888889,0.88437500,0.98625000,0.00000000,0.00000000,0.00000000,0.83219955,0.73697917,0.78144940,0.86363222
BoT_IoT,RFF_LIM_NFST,theft,with_novel_class,44,0.89717378,0.98888889,0.90364583,0.98625000,0.56743003,1.00000000,0.72402597,0.92677122,0.90364583,0.90212040,0.88294181
BoT_IoT,RFF_LIM_NFST,theft,known_only,45,0.86111111,0.97291667,0.87000000,0.97250000,0.00000000,0.00000000,0.00000000,0.82905983,0.72500000,0.77285371,0.84270384
BoT_IoT,RFF_LIM_NFST,theft,with_novel_class,45,0.87973542,0.97291667,0.89166667,0.97250000,0.53221957,1.00000000,0.69470405,0.91776309,0.89166667,0.88863772,0.86432340
BoT_IoT,RFF_LIM_NFST,theft,known_only,46,0.85763889,0.97777778,0.85562500,0.97562500,0.00000000,0.00000000,0.00000000,0.83333333,0.71302083,0.76839911,0.83908109
BoT_IoT,RFF_LIM_NFST,theft,with_novel_class,46,0.87672880,0.97777778,0.87968750,0.97562500,0.52102804,1.00000000,0.68509985,0.92017134,0.87968750,0.88258242,0.86108529
